{
    "m_generationData": {
        "m_mapsToGenerate": 1,
        "m_numOfRooms": 1,
        "m_levelWidth": 20,
        "m_levelHeight": 20
    },
    "m_topDownStats": {
        "m_avergeTime": 0.10977059602737427,
        "m_shortestTime": 0.10977059602737427,
        "m_longestTime": 0.10977059602737427,
        "m_totalTime": 0.10977059602737427,
        "m_avergeRoomsPlaced": 1,
        "m_mostRoomsPlaced": 1,
        "m_leastRoomsPlaced": 1,
        "m_totalRooms": 1
    },
    "m_borromUpStats": {
        "m_avergeTime": 0.12549322843551637,
        "m_shortestTime": 0.12549322843551637,
        "m_longestTime": 0.12549322843551637,
        "m_totalTime": 0.12549322843551637,
        "m_avergeRoomsPlaced": 1,
        "m_mostRoomsPlaced": 1,
        "m_leastRoomsPlaced": 1,
        "m_totalRooms": 1
    }
}