{
    "m_generationData": {
        "m_mapsToGenerate": 36,
        "m_numOfRooms": 14,
        "m_levelWidth": 53,
        "m_levelHeight": 53
    },
    "m_topDownStats": {
        "m_avergeTime": 0.06853359192609787,
        "m_shortestTime": 0.04414510726928711,
        "m_longestTime": 0.3564949035644531,
        "m_totalTime": 2.4672093391418459,
        "m_avergeRoomsPlaced": 9,
        "m_mostRoomsPlaced": 14,
        "m_leastRoomsPlaced": 6,
        "m_totalRooms": 343
    },
    "m_borromUpStats": {
        "m_avergeTime": 0.19898776710033418,
        "m_shortestTime": 0.11884117126464844,
        "m_longestTime": 0.6585288047790527,
        "m_totalTime": 7.163559436798096,
        "m_avergeRoomsPlaced": 10,
        "m_mostRoomsPlaced": 14,
        "m_leastRoomsPlaced": 6,
        "m_totalRooms": 360
    }
}