{
    "m_damageMultiplier": 1.100000023841858,
    "m_damageMultiplierIncrease": 0.05000000074505806,
    "m_attackDelay": 0.2900000214576721,
    "m_minAttackDelay": 0.05000000074505806,
    "m_decreaseAttackDelay": 0.009999999776482582
}